,losses,betas,port,computing_time
0,242.9230194091797,4,892,15.062900499964599
1,2.299758195877075,4,892,15.062900499964599
2,3.6316440105438232,4,892,15.062900499964599
3,5.0995612144470215,4,892,15.062900499964599
4,5.887364864349365,4,892,15.062900499964599
5,5.582898139953613,4,892,15.062900499964599
6,4.669773101806641,4,892,15.062900499964599
7,3.8005897998809814,4,892,15.062900499964599
8,3.168884754180908,4,892,15.062900499964599
9,2.7403666973114014,4,892,15.062900499964599
10,2.4491126537323,4,892,15.062900499964599
11,2.2528910636901855,4,892,15.062900499964599
12,2.0792386531829834,4,892,15.062900499964599
13,1.9392518997192383,4,892,15.062900499964599
14,1.8236188888549805,4,892,15.062900499964599
15,1.7358732223510742,4,892,15.062900499964599
16,1.6667249202728271,4,892,15.062900499964599
17,1.61661958694458,4,892,15.062900499964599
18,1.6054197549819946,4,892,15.062900499964599
19,1.603598713874817,4,892,15.062900499964599
20,1.601938009262085,4,892,15.062900499964599
21,1.6002780199050903,4,892,15.062900499964599
22,1.598376750946045,4,892,15.062900499964599
23,1.5958590507507324,4,892,15.062900499964599
24,1.5920486450195312,4,892,15.062900499964599
25,1.586376428604126,4,892,15.062900499964599
26,1.5800951719284058,4,892,15.062900499964599
27,1.5745097398757935,4,892,15.062900499964599
28,1.567806601524353,4,892,15.062900499964599
29,1.5562800168991089,4,892,15.062900499964599
30,1.5314322710037231,4,892,15.062900499964599
31,1.4722161293029785,4,892,15.062900499964599
32,1.3941174745559692,4,892,15.062900499964599
33,1.3647165298461914,4,892,15.062900499964599
34,1.353697657585144,4,892,15.062900499964599
35,1.3447126150131226,4,892,15.062900499964599
36,1.336092233657837,4,892,15.062900499964599
37,1.3297957181930542,4,892,15.062900499964599
38,1.3249571323394775,4,892,15.062900499964599
39,1.3204139471054077,4,892,15.062900499964599
40,1.3165929317474365,4,892,15.062900499964599
41,1.314001441001892,4,892,15.062900499964599
42,1.3120369911193848,4,892,15.062900499964599
43,1.3100141286849976,4,892,15.062900499964599
44,1.3074755668640137,4,892,15.062900499964599
45,1.3046016693115234,4,892,15.062900499964599
46,1.3020929098129272,4,892,15.062900499964599
47,1.3001952171325684,4,892,15.062900499964599
48,1.2986953258514404,4,892,15.062900499964599
49,1.2974135875701904,4,892,15.062900499964599
50,1.2962558269500732,4,892,15.062900499964599
51,1.2951445579528809,4,892,15.062900499964599
52,1.2940030097961426,4,892,15.062900499964599
53,1.292764663696289,4,892,15.062900499964599
54,1.291383981704712,4,892,15.062900499964599
55,1.2898393869400024,4,892,15.062900499964599
56,1.2881633043289185,4,892,15.062900499964599
57,1.286439061164856,4,892,15.062900499964599
58,1.284761905670166,4,892,15.062900499964599
59,1.2832131385803223,4,892,15.062900499964599
60,1.2818046808242798,4,892,15.062900499964599
61,1.280502200126648,4,892,15.062900499964599
62,1.2792065143585205,4,892,15.062900499964599
63,1.2777966260910034,4,892,15.062900499964599
64,1.2761142253875732,4,892,15.062900499964599
65,1.2740492820739746,4,892,15.062900499964599
66,1.2716624736785889,4,892,15.062900499964599
67,1.2692755460739136,4,892,15.062900499964599
68,1.267154335975647,4,892,15.062900499964599
69,1.26530122756958,4,892,15.062900499964599
70,1.2635992765426636,4,892,15.062900499964599
71,1.2619212865829468,4,892,15.062900499964599
72,1.2601991891860962,4,892,15.062900499964599
73,1.2584686279296875,4,892,15.062900499964599
74,1.2568285465240479,4,892,15.062900499964599
75,1.2553097009658813,4,892,15.062900499964599
76,1.2537422180175781,4,892,15.062900499964599
77,1.2517874240875244,4,892,15.062900499964599
78,1.2490427494049072,4,892,15.062900499964599
79,1.2458932399749756,4,892,15.062900499964599
80,1.243710994720459,4,892,15.062900499964599
81,1.242527723312378,4,892,15.062900499964599
82,1.2411720752716064,8,892,15.062900499964599
83,1.2401671409606934,8,892,15.062900499964599
84,1.239139199256897,8,892,15.062900499964599
85,1.2380985021591187,8,892,15.062900499964599
86,1.2370753288269043,8,892,15.062900499964599
87,1.236093521118164,8,892,15.062900499964599
88,1.2351597547531128,8,892,15.062900499964599
89,1.2342894077301025,8,892,15.062900499964599
90,1.233529806137085,8,892,15.062900499964599
91,1.2329096794128418,8,892,15.062900499964599
92,1.2324087619781494,8,892,15.062900499964599
93,1.232016921043396,8,892,15.062900499964599
94,1.2316876649856567,8,892,15.062900499964599
95,1.231400728225708,8,892,15.062900499964599
96,1.2311440706253052,8,892,15.062900499964599
97,1.230907917022705,8,892,15.062900499964599
98,1.2306859493255615,8,892,15.062900499964599
99,1.2304719686508179,8,892,15.062900499964599
100,1.230269432067871,8,892,15.062900499964599
101,1.2300670146942139,8,892,15.062900499964599
102,1.2298648357391357,8,892,15.062900499964599
103,1.229663610458374,8,892,15.062900499964599
104,1.2294538021087646,8,892,15.062900499964599
105,1.229231834411621,8,892,15.062900499964599
106,1.2289985418319702,8,892,15.062900499964599
107,1.2287437915802002,8,892,15.062900499964599
108,1.2284632921218872,8,892,15.062900499964599
109,1.2281469106674194,8,892,15.062900499964599
110,1.227783441543579,8,892,15.062900499964599
111,1.2273634672164917,8,892,15.062900499964599
112,1.226867914199829,8,892,15.062900499964599
113,1.2262699604034424,8,892,15.062900499964599
114,1.2255499362945557,8,892,15.062900499964599
115,1.2246991395950317,8,892,15.062900499964599
116,1.223761796951294,8,892,15.062900499964599
117,1.2228431701660156,8,892,15.062900499964599
118,1.2220231294631958,8,892,15.062900499964599
119,1.221286654472351,8,892,15.062900499964599
120,1.220543384552002,8,892,15.062900499964599
121,1.2196294069290161,8,892,15.062900499964599
122,1.2183277606964111,8,892,15.062900499964599
123,1.2165415287017822,8,892,15.062900499964599
124,1.2147510051727295,8,892,15.062900499964599
125,1.213415503501892,8,892,15.062900499964599
126,1.2123756408691406,8,892,15.062900499964599
127,1.2114181518554688,8,892,15.062900499964599
128,1.2103831768035889,8,892,15.062900499964599
129,1.2091861963272095,8,892,15.062900499964599
130,1.2077890634536743,8,892,15.062900499964599
131,1.2063227891921997,8,892,15.062900499964599
132,1.2050660848617554,8,892,15.062900499964599
133,1.2041480541229248,8,892,15.062900499964599
134,1.2034931182861328,8,892,15.062900499964599
135,1.2030072212219238,8,892,15.062900499964599
136,1.202604055404663,8,892,15.062900499964599
137,1.202264428138733,8,892,15.062900499964599
138,1.2019355297088623,8,892,15.062900499964599
139,1.201596736907959,8,892,15.062900499964599
140,1.2012183666229248,8,892,15.062900499964599
141,1.2007741928100586,8,892,15.062900499964599
142,1.2002856731414795,8,892,15.062900499964599
143,1.1997795104980469,8,892,15.062900499964599
144,1.1993132829666138,8,892,15.062900499964599
145,1.1989027261734009,8,892,15.062900499964599
146,1.1985403299331665,8,892,15.062900499964599
147,1.1982098817825317,8,892,15.062900499964599
148,1.1979097127914429,8,892,15.062900499964599
149,1.197631597518921,8,892,15.062900499964599
150,1.1973657608032227,8,892,15.062900499964599
151,1.1971036195755005,8,892,15.062900499964599
152,1.1968333721160889,8,892,15.062900499964599
153,1.1965585947036743,8,892,15.062900499964599
154,1.1962708234786987,8,892,15.062900499964599
155,1.1959691047668457,8,892,15.062900499964599
156,1.1956486701965332,8,892,15.062900499964599
157,1.1953071355819702,8,892,15.062900499964599
158,1.194953203201294,8,892,15.062900499964599
159,1.194583773612976,8,892,15.062900499964599
160,1.194204330444336,8,892,15.062900499964599
161,1.1938097476959229,8,892,15.062900499964599
162,1.1934057474136353,8,892,15.062900499964599
163,1.1929848194122314,8,892,15.062900499964599
164,1.1916519403457642,16,892,15.062900499964599
165,1.1908091306686401,16,892,15.062900499964599
166,1.1899147033691406,16,892,15.062900499964599
167,1.1890088319778442,16,892,15.062900499964599
168,1.1881331205368042,16,892,15.062900499964599
169,1.1873053312301636,16,892,15.062900499964599
170,1.1864867210388184,16,892,15.062900499964599
171,1.185585618019104,16,892,15.062900499964599
172,1.1845685243606567,16,892,15.062900499964599
173,1.183761477470398,16,892,15.062900499964599
174,1.1832391023635864,16,892,15.062900499964599
175,1.1828237771987915,16,892,15.062900499964599
176,1.1824333667755127,16,892,15.062900499964599
177,1.182036280632019,16,892,15.062900499964599
178,1.1816048622131348,16,892,15.062900499964599
179,1.1810979843139648,16,892,15.062900499964599
180,1.1804664134979248,16,892,15.062900499964599
181,1.179693579673767,16,892,15.062900499964599
182,1.178892970085144,16,892,15.062900499964599
183,1.1781624555587769,16,892,15.062900499964599
184,1.1774702072143555,16,892,15.062900499964599
185,1.176787257194519,16,892,15.062900499964599
186,1.176103115081787,16,892,15.062900499964599
187,1.1754236221313477,16,892,15.062900499964599
188,1.1747685670852661,16,892,15.062900499964599
189,1.1741487979888916,16,892,15.062900499964599
190,1.1735622882843018,16,892,15.062900499964599
191,1.1729998588562012,16,892,15.062900499964599
192,1.1724680662155151,16,892,15.062900499964599
193,1.1720095872879028,16,892,15.062900499964599
194,1.171653151512146,16,892,15.062900499964599
195,1.1713736057281494,16,892,15.062900499964599
196,1.1711407899856567,16,892,15.062900499964599
197,1.1709401607513428,16,892,15.062900499964599
198,1.1707558631896973,16,892,15.062900499964599
199,1.1705821752548218,16,892,15.062900499964599
200,1.1704058647155762,16,892,15.062900499964599
201,1.170243501663208,16,892,15.062900499964599
202,1.1700990200042725,16,892,15.062900499964599
203,1.169967770576477,16,892,15.062900499964599
204,1.1698405742645264,16,892,15.062900499964599
205,1.1696791648864746,16,892,15.062900499964599
206,1.1694775819778442,16,892,15.062900499964599
207,1.1692432165145874,16,892,15.062900499964599
208,1.169012188911438,16,892,15.062900499964599
209,1.168784737586975,16,892,15.062900499964599
210,1.1685372591018677,16,892,15.062900499964599
211,1.168259859085083,16,892,15.062900499964599
212,1.1679356098175049,16,892,15.062900499964599
213,1.1675591468811035,16,892,15.062900499964599
214,1.167142629623413,16,892,15.062900499964599
215,1.166685700416565,16,892,15.062900499964599
216,1.166192889213562,16,892,15.062900499964599
217,1.1656749248504639,16,892,15.062900499964599
218,1.1651232242584229,16,892,15.062900499964599
219,1.164538860321045,16,892,15.062900499964599
220,1.163919448852539,16,892,15.062900499964599
221,1.1632649898529053,16,892,15.062900499964599
222,1.1625728607177734,16,892,15.062900499964599
223,1.1618543863296509,16,892,15.062900499964599
224,1.1610970497131348,16,892,15.062900499964599
225,1.1603096723556519,16,892,15.062900499964599
226,1.1594781875610352,16,892,15.062900499964599
227,1.1586215496063232,16,892,15.062900499964599
228,1.1577638387680054,16,892,15.062900499964599
229,1.1569513082504272,16,892,15.062900499964599
230,1.156219482421875,16,892,15.062900499964599
231,1.1555454730987549,16,892,15.062900499964599
232,1.1548311710357666,16,892,15.062900499964599
233,1.1539885997772217,16,892,15.062900499964599
234,1.152961254119873,16,892,15.062900499964599
235,1.1518312692642212,16,892,15.062900499964599
236,1.1507782936096191,16,892,15.062900499964599
237,1.1499104499816895,16,892,15.062900499964599
238,1.1491804122924805,16,892,15.062900499964599
239,1.1484659910202026,16,892,15.062900499964599
240,1.1476972103118896,16,892,15.062900499964599
241,1.14686918258667,16,892,15.062900499964599
242,1.1459672451019287,16,892,15.062900499964599
243,1.1448768377304077,16,892,15.062900499964599
244,1.1436799764633179,16,892,15.062900499964599
245,1.1427994966506958,16,892,15.062900499964599
246,1.1431654691696167,32,892,15.062900499964599
247,1.1423745155334473,32,892,15.062900499964599
248,1.1420692205429077,32,892,15.062900499964599
249,1.1418355703353882,32,892,15.062900499964599
250,1.141552448272705,32,892,15.062900499964599
251,1.1411709785461426,32,892,15.062900499964599
252,1.14076566696167,32,892,15.062900499964599
253,1.1404598951339722,32,892,15.062900499964599
254,1.1402270793914795,32,892,15.062900499964599
255,1.1400337219238281,32,892,15.062900499964599
256,1.1398682594299316,32,892,15.062900499964599
257,1.1397119760513306,32,892,15.062900499964599
258,1.1395283937454224,32,892,15.062900499964599
259,1.1392652988433838,32,892,15.062900499964599
260,1.1387697458267212,32,892,15.062900499964599
261,1.1379563808441162,32,892,15.062900499964599
262,1.1375253200531006,32,892,15.062900499964599
263,1.1373076438903809,32,892,15.062900499964599
264,1.1370495557785034,32,892,15.062900499964599
265,1.1366658210754395,32,892,15.062900499964599
266,1.1362041234970093,32,892,15.062900499964599
267,1.1357711553573608,32,892,15.062900499964599
268,1.1354296207427979,32,892,15.062900499964599
269,1.1350879669189453,32,892,15.062900499964599
270,1.1343783140182495,32,892,15.062900499964599
271,1.1326574087142944,32,892,15.062900499964599
272,1.132241129875183,32,892,15.062900499964599
273,1.1320158243179321,32,892,15.062900499964599
274,1.1315046548843384,32,892,15.062900499964599
275,1.1306939125061035,32,892,15.062900499964599
276,1.1296298503875732,32,892,15.062900499964599
277,1.1278126239776611,32,892,15.062900499964599
278,1.1238038539886475,32,892,15.062900499964599
279,1.119296669960022,32,892,15.062900499964599
280,1.1182732582092285,32,892,15.062900499964599
281,1.1177804470062256,32,892,15.062900499964599
282,1.1174677610397339,32,892,15.062900499964599
283,1.1172332763671875,32,892,15.062900499964599
284,1.1170835494995117,32,892,15.062900499964599
285,1.1169177293777466,32,892,15.062900499964599
286,1.1166164875030518,32,892,15.062900499964599
287,1.1161645650863647,32,892,15.062900499964599
288,1.1156387329101562,32,892,15.062900499964599
289,1.1151432991027832,32,892,15.062900499964599
290,1.1145989894866943,32,892,15.062900499964599
291,1.1137713193893433,32,892,15.062900499964599
292,1.112671136856079,32,892,15.062900499964599
293,1.1106971502304077,32,892,15.062900499964599
294,1.1068600416183472,32,892,15.062900499964599
295,1.1047585010528564,32,892,15.062900499964599
296,1.103096604347229,32,892,15.062900499964599
297,1.1012288331985474,32,892,15.062900499964599
298,1.1008105278015137,32,892,15.062900499964599
299,1.1002405881881714,32,892,15.062900499964599
300,1.0995265245437622,32,892,15.062900499964599
301,1.0992032289505005,32,892,15.062900499964599
302,1.0992082357406616,32,892,15.062900499964599
303,1.0990482568740845,32,892,15.062900499964599
304,1.0981566905975342,32,892,15.062900499964599
305,1.0956315994262695,32,892,15.062900499964599
306,1.092721700668335,32,892,15.062900499964599
307,1.0895715951919556,32,892,15.062900499964599
308,1.087660551071167,32,892,15.062900499964599
309,1.0877602100372314,32,892,15.062900499964599
310,1.0874439477920532,32,892,15.062900499964599
311,1.085851788520813,32,892,15.062900499964599
312,1.0847805738449097,32,892,15.062900499964599
313,1.0847487449645996,32,892,15.062900499964599
314,1.085102915763855,32,892,15.062900499964599
315,1.0852365493774414,32,892,15.062900499964599
316,1.0850039720535278,32,892,15.062900499964599
317,1.0846741199493408,32,892,15.062900499964599
318,1.0843775272369385,32,892,15.062900499964599
319,1.0840173959732056,32,892,15.062900499964599
320,1.083431601524353,32,892,15.062900499964599
321,1.082607626914978,32,892,15.062900499964599
322,1.0819982290267944,32,892,15.062900499964599
323,1.081851840019226,32,892,15.062900499964599
324,1.0818579196929932,32,892,15.062900499964599
325,1.0817540884017944,32,892,15.062900499964599
326,1.0815465450286865,32,892,15.062900499964599
327,1.081347942352295,32,892,15.062900499964599
